{
  "model_path": "/Users/anemll/Models/ANE/anemll-Llama-3.2-1B-FP16-b64-ctx1024",
  "tasks": [
    "boolq"
  ],
  "total_duration": 19.794982194900513,
  "results": {
    "boolq": {
      "dataset": "boolq",
      "accuracy": 0.39204892966360855,
      "correct": 1282,
      "total": 3270,
      "sample_count": 3270,
      "evaluated_count": 3270,
      "time_taken": 17.300100803375244,
      "duration": 19.794978141784668
    }
  }
}