{
  "model_path": "/Users/anemll/Models/ANE/anemll-Llama-3.2-1B-FP16-b64-ctx1024",
  "tasks": [
    "boolq"
  ],
  "total_duration": 10.40985107421875,
  "results": {
    "boolq": {
      "dataset": "boolq",
      "accuracy": 0.8333333333333334,
      "correct": 25,
      "total": 30,
      "sample_count": 3270,
      "evaluated_count": 30,
      "time_taken": 7.524274110794067,
      "duration": 10.409846067428589
    }
  }
}