{
  "dataset": "boolq",
  "accuracy": 0.6333333333333333,
  "correct": 19,
  "total": 30,
  "exact_matches": 0,
  "failed_matches": 30,
  "exact_match_rate": 0.0,
  "sample_count": 3270,
  "evaluated_count": 30,
  "time_taken": 3.6533918380737305,
  "suspicious_samples": [
    0,
    1,
    2,
    3,
    4,
    5,
    6,
    7,
    8,
    9,
    10,
    11,
    12,
    13,
    14,
    15,
    16,
    17,
    18,
    19,
    20,
    21,
    22,
    23,
    24,
    25,
    26,
    27,
    28,
    29
  ]
}